Host,business/finance,education/research,entertainment,health/medical,news/press,politics/government/law,sports,tech/science
27997,0.27189054853024053,0.13927773457753878,0.11766378559529052,0.10055089689721275,0.08864969170526643,0.12837329694556954,0.04412602309835099,0.1094680226505305
9316,0.34429874362425594,0.08579752617623228,0.1168832137464979,0.07235800941090316,0.09073684244290409,0.14441789342103678,0.03193267218177181,0.11357509899639798
27045,0.019815666475122742,0.28004760353409613,0.1997492986737212,0.11271099651490216,0.03477699266910294,0.11119582141993897,0.05427220613377281,0.187431414579343
19805,0.03138440016049808,0.14234939272776406,0.1627991624855971,0.12845217681913254,0.06360103323547396,0.13820899628955519,0.19001850458395747,0.1431863336980217
26580,0.0393529331880392,0.1347660145335298,0.17485846938371616,0.11076493157068716,0.09600175580640136,0.14735607078913263,0.13302642983949867,0.16387339488899508
16886,0.025481700963841517,0.178440665715745,0.18536454197550004,0.08504576396606275,0.06987345262920674,0.12581004698488352,0.14833686768720908,0.1816469600775512
27931,0.0627783423905564,0.1464321545160966,0.14647400452572992,0.14670263597867186,0.10299189806939953,0.143027347422933,0.09080819676941174,0.16078542032720122
8977,0.012869514093306606,0.12689097787136902,0.20715804511078167,0.039553931985311395,0.18653118712282116,0.1422076474929336,0.0845809560011349,0.20020774032234157
20285,0.03283483672657379,0.12293873767459676,0.17991348246353844,0.11583548868059512,0.09848383224960906,0.17195859869621744,0.10079589336839488,0.17723913014047457
2427,0.026319963847823428,0.10054492437268701,0.18000012116140676,0.06515497002753505,0.21990438972428344,0.12247224648464236,0.09408802714239134,0.19151535723923058
1324,0.01621635076103725,0.1428669018394411,0.1792956256775913,0.06440233169123243,0.07525015477108767,0.11760084006644637,0.1866269855374259,0.2177408096557378
25006,0.014310166018104887,0.11849139123093184,0.1752662412744696,0.037155244510631305,0.20090422542344008,0.1138799908774835,0.08816884379936848,0.2518238968655703
13134,0.034799595567061296,0.1482767642701575,0.14336783194576547,0.1068316954021557,0.21703019878567986,0.14789379562317062,0.007486287587678394,0.1943138308183313
11834,0.035436063291644386,0.12794973678127994,0.17826965408284612,0.1109175488255248,0.07248741836247281,0.15262805789306352,0.1700200123503213,0.1522915084128472
19930,0.022407157822364677,0.1255459918653665,0.1508584620305297,0.0960062346645083,0.11606978124214067,0.13908887595344188,0.1966319793261599,0.15339151709548843
12212,0.03598865862334762,0.10978104037755798,0.19220831082976747,0.10038253027903579,0.13834204169858652,0.1977712625416372,0.0708172081521131,0.15470894749795433
14062,0.018603652850400366,0.11452748523135697,0.17094638871150494,0.07280045498287997,0.11117511692207321,0.17961151603510678,0.15220997611926193,0.18012540914741582
18965,0.11535614734188329,0.10077880176463533,0.13597899281202064,0.1407624831020425,0.20625621160242513,0.12998153822401692,0.05242361151530146,0.11846221363767462
10744,0.04537448873134851,0.09882528307565452,0.16960638012237922,0.18333484969706024,0.11682959404274776,0.13119265661257484,0.11054106257818613,0.14429568514004873
20664,0.25761738053031985,0.15511257612930393,0.1283238426929157,0.08158877257140996,0.08318922895058424,0.12171658660488145,0.047724277073920726,0.12472733544666412
17021,0.022533682083261487,0.12977090634062052,0.16399940225465412,0.08099698634877157,0.18139168580233359,0.1464751294272689,0.09161067814666314,0.18322152959642665
8212,0.09552278323972298,0.11565664899444367,0.12939930745872583,0.19174506615715617,0.14246577623924117,0.12835265463283124,0.08534446798512407,0.11151329529275497
20736,0.2804346427282738,0.12206596363014559,0.10960606249918989,0.08376188706525067,0.1586677500998574,0.08282109121333679,0.04311952572839775,0.11952307703554815
11963,0.03575944319875513,0.11578092147009077,0.16534926824670013,0.0973874335324933,0.17229354805540248,0.1803760554590027,0.08686016335388264,0.14619316668367296
12970,0.05497557409491805,0.19027769309810824,0.14771611270119575,0.11290898154321653,0.0686887233868487,0.1684632640230811,0.11740705112131808,0.13956260003131365
19053,0.016109112890056364,0.16522583332958693,0.213758949956729,0.09843588213796037,0.05941364411017411,0.11702246668437341,0.09448132665516155,0.23555278423595807
20877,0.10749583522948031,0.11236110850283708,0.12531546309810296,0.20112820679933274,0.13219240774269905,0.1266841495096668,0.07436192302982562,0.12046090608805557
6688,0.04109639899765351,0.15006686805759556,0.15695666638474826,0.107804621869724,0.09512967234785259,0.18471035466757027,0.10414712083381804,0.1600882968410378
1485,0.028306317776705874,0.17544038311491975,0.1736774500345328,0.08144602340582266,0.06315506483477307,0.13131700967094362,0.18689767532657528,0.15976007583572696
9915,0.02782212047112882,0.2355185205386328,0.14091122890791735,0.276861824697115,0.03304370818426781,0.12781461713669806,0.025361719258400615,0.13266626080583976
2785,0.03323776574690194,0.19354604449214544,0.13834096163837045,0.1693416677424152,0.23803827760697632,0.08197722965352647,0.010062319670718665,0.13545573344894574
20128,0.024115977943832752,0.11854897137593674,0.16316331521687208,0.07237625545670044,0.13943095516043205,0.19078859129410516,0.10465424083168047,0.18692169272044015
12295,0.15328118826904627,0.09215478931642795,0.1351923124636823,0.11378309339654939,0.21465222018899793,0.1235310381887004,0.03125150770592757,0.13615385047066822
14567,0.03014063699683887,0.05878112617703463,0.14049778537080207,0.21238229363543573,0.18924386798237763,0.1425133911458959,0.023152315449399854,0.20328858324221535
25052,0.28364913190983093,0.10278958065152427,0.123959943823941,0.053359639732318005,0.1137126260101229,0.15519134601005957,0.05009803847349117,0.11723969338871207
25689,0.2942414581665918,0.08671422997374917,0.1161657219589903,0.06352689796152698,0.15048658428530926,0.14882405194468193,0.04310991136235685,0.0969311443467936
18873,0.019630458410381402,0.11785733041104564,0.17383665997265305,0.06419097747196215,0.11310260285558547,0.18236886132684207,0.12643765982814378,0.2025754497233864
18451,0.03164535623192656,0.20031719491206182,0.12115897431981897,0.2237160400874419,0.22435635793269473,0.06562842444056584,0.009539121334437139,0.12363853074105323
8422,0.20516984291399684,0.12989832368874488,0.1160911806053127,0.0621355578766948,0.2492041789195273,0.1142891126106193,0.022264701735751853,0.10094710164935218
9199,0.009927876939763184,0.10932464779747056,0.19232815096932993,0.05214358953793973,0.15492014535001034,0.1295137953541365,0.15060116682347136,0.2012406272278785
9941,0.2449016185316396,0.09837884796646107,0.12116344267623724,0.09069716278584522,0.18514921904294787,0.13243128641020813,0.03038163381823689,0.09689678876842388
20517,0.031779246656818326,0.11279738385889321,0.17351507277603642,0.11409781548562481,0.1251404339787362,0.16774853117911218,0.08965916236725606,0.1852623536975228
12718,0.019412131816936892,0.10377009481198536,0.21273244114742298,0.0800737518919211,0.12469142919112258,0.14201580083540338,0.13669726993152984,0.18060708037367781
1681,0.01657099898800648,0.10509601766219143,0.16613028863551965,0.09904589104257946,0.1309185315383664,0.16075314876363933,0.16227841600919926,0.159206707360498
4828,0.038758369539696386,0.12799370220081835,0.16512588800860326,0.1865700800868421,0.09692554148601251,0.12599744213774045,0.13363436183328378,0.12499461470700318
22986,0.02119053445209445,0.1287354474394844,0.15700761425860438,0.0493107748394287,0.21168007593451216,0.15356710706723115,0.13293491269332647,0.14557353331531828
423,0.03230084071937531,0.13715490188866744,0.1730818295686116,0.11178319480243899,0.11012243688444952,0.15066580247647365,0.09840109063496034,0.18648990302502322
19294,0.03424307711893468,0.11162403488985007,0.19658804718572562,0.08656618711632123,0.14292555543913424,0.19989442105244662,0.07796581764511312,0.1501928595524743
6354,0.11588078010015504,0.0977392164781897,0.13594331714763683,0.12226753974422114,0.20451349313255673,0.13786178464454343,0.06364487064822105,0.12214899810447605
4086,0.1743694639045122,0.08484619758013696,0.13395330523526783,0.08906203916860464,0.19650069169640894,0.14988124558467922,0.0513065873863702,0.12008046944402004
3146,0.022751565421099768,0.13324852280802993,0.17028560922012528,0.06672248691825823,0.18121449826580785,0.15741772350368646,0.07572964329023582,0.1926299505727566
8759,0.01610459900009951,0.12772667697346152,0.1795633317342649,0.04660744760188423,0.19001515897534765,0.14422944402039747,0.052683512571453074,0.24306982912309175
1358,0.025001856076914474,0.14422190927193573,0.1327444887343826,0.2076346236862987,0.0649398120787816,0.19632376129453763,0.10885899579539114,0.12027455306175806
8466,0.027456998874851046,0.11318900719859708,0.19263666039670535,0.07985856838690314,0.1117297732336053,0.14283129738183895,0.16928959052174733,0.16300810400575177
12664,0.03521422124636207,0.0932788934852845,0.14526112233872399,0.05119729251242799,0.23158697273859058,0.17089086925492197,0.13919650972128728,0.1333741187024016
13113,0.031889076976344556,0.13092987625662642,0.17339791252143788,0.1043145892663874,0.0863282857293854,0.13985313527707635,0.17347714920168048,0.1598099747710616
24532,0.04265061782475327,0.17682741672896043,0.18491647793415134,0.13855338301365897,0.11614563613784075,0.16768126476493092,0.011516431665716708,0.16170877192998767
26881,0.02328295609355311,0.13133560823676027,0.17411864108393463,0.04776319228073479,0.2109882053278439,0.15062267370744845,0.07229102803560716,0.18959769523411757
20970,0.04776103657516258,0.15566821207834258,0.15926284084950962,0.10674943690288692,0.07326103671942837,0.18045724287206574,0.1265903289542704,0.1502498650483338
5951,0.04076150921024114,0.1059771598618047,0.17670867302784635,0.1436316158552486,0.16193993198984435,0.17466065606911893,0.055594867618964,0.14072558636693192
2547,0.015251930068410875,0.11277701535790413,0.15125699216781915,0.04922898886373238,0.2419334861680913,0.153138297530413,0.12258066377920357,0.15383262606442547
254,0.026654339650592808,0.10299542757206183,0.14405570194165238,0.0738002460117389,0.2682218599648843,0.1174463782817554,0.12899848255881724,0.1378275640184971
9824,0.0336558721469319,0.12511912760279992,0.18504530278607725,0.10301241168982468,0.07527111001598297,0.15398602223762647,0.17500627272153466,0.14890388079922215
27314,0.017752652339261887,0.11762837080270729,0.1902821084352959,0.045538485322576844,0.17456412709775346,0.2138320185658856,0.0781225767157322,0.16227966072078687
13643,0.032678036027245366,0.13621490229209457,0.16998035953182825,0.10966701327654117,0.10546580503606816,0.14659765717994164,0.11843358846977865,0.1809626381865023
7998,0.008039496406208976,0.14684842607610382,0.19184467665297017,0.050542487162842015,0.13763269505352238,0.13624866209129644,0.08521993745090775,0.24362361910614852
6742,0.048383524836623254,0.16663342280580867,0.1409788450297353,0.12102551462556617,0.11128388409133977,0.1435429114896951,0.12864763350898387,0.13950426361224785
25525,0.04817467408977947,0.1376587078512188,0.16443456336892823,0.10215375949533657,0.09884618573642921,0.17043519257703213,0.11261068517207812,0.16568623170919752
26065,0.09349034373450602,0.12740039945574705,0.14709971454667375,0.15959098175380107,0.09924929049187046,0.14387544675937677,0.11017297949850212,0.11912084375952277
997,0.17640175342217077,0.13018893980780688,0.13468837941532022,0.1268767379410692,0.13012288745946737,0.09978732710410906,0.07068645582043269,0.13124751902962384
12263,0.03763900258046455,0.15204365457130692,0.16129362171327283,0.10049769236750089,0.10714895729783397,0.17718634197963612,0.08932550351067156,0.17486522597931325
61,0.28315978684306947,0.11480280113901692,0.1096787536330244,0.07935625023108579,0.17823924497506666,0.08536074905700528,0.042758925239064424,0.10664348888266707
25885,0.3224642415806517,0.09131146077822809,0.1153024610717967,0.06807907881801542,0.12991592618476921,0.1268971076391758,0.04853899039805284,0.09749073352931019
2671,0.04102308885035692,0.11319047241558268,0.15519670486923773,0.128113682750867,0.1727281305316464,0.1908774646319239,0.05054060882293505,0.14832984712745037
10244,0.03643264320506425,0.13165865375755373,0.17555935865707023,0.09807472069533935,0.1038831166891981,0.16896536171109247,0.1370774084403252,0.14834873684435662
11011,0.3189073332853833,0.0941934443231483,0.1149664074352256,0.06753901646605573,0.12991592618476921,0.12948540194506916,0.04853899039805284,0.09645347996229586
346,0.27966783390540473,0.08986795962415929,0.12069343569016701,0.04655676023093805,0.16150010037543058,0.15347596388395415,0.037263533417023216,0.11097441287292296
21405,0.232174624777965,0.12548494793704318,0.10833336448901391,0.07921500114042526,0.1950729388718159,0.08375623932050211,0.035166519408416315,0.14079636405481824
20226,0.040507347184668675,0.140992298087562,0.15516665404992833,0.10567199835046567,0.10267779798606019,0.18747222409097009,0.11168358521909376,0.1558280950312513
24838,0.013921107701280678,0.14268548092040007,0.19170297064110553,0.04587327086453068,0.1738082121017232,0.12099487964146093,0.050003044952697896,0.26101103317680113
5742,0.05457851083466938,0.25851320913553194,0.1457340127878726,0.19631469938343757,0.046406271390568465,0.15994689666343262,0.036935143176859656,0.10157125662762768
4758,0.007877068048365325,0.11828957242482793,0.20251154134111832,0.04420722293943393,0.14804375543664933,0.14042171348206073,0.14250638820434258,0.196142738123202
15401,0.035688429999961885,0.14136064533762624,0.16094862014547145,0.10216038712792339,0.09665553489917571,0.1792782724172189,0.12757558199906913,0.15633252807355338
10797,0.009223990236795992,0.11339881663461282,0.20521821125820847,0.04264011430266569,0.15164675948947756,0.13270012978486898,0.125814115284554,0.21935786300881646
21942,0.01696582057785424,0.13334648515936562,0.18417963099340803,0.05423535668923002,0.14757500655074554,0.14065782797472248,0.08153894537621921,0.24150092667845477
23539,0.020997971459745066,0.10529107038973327,0.1838471540411737,0.05184240942935258,0.20522513835209402,0.10708049288539585,0.10453688454262694,0.22117887889987864
4098,0.022051778466136044,0.27557718146197024,0.19102797092277463,0.11700268436776763,0.033370376864345276,0.10217123879794206,0.06107686667478432,0.19772190244427978
18289,0.03558239192763327,0.16909109471563538,0.15074350235729056,0.10380902896364168,0.09334329942300897,0.1613390987577767,0.1395743047495569,0.14651727910545653
15969,0.011413182220339943,0.1344243706663121,0.17570711098828137,0.03968509318498533,0.15531210684199068,0.19006368827904313,0.06590666745953769,0.2274877803595097
3905,0.007942990687989666,0.14558448847116837,0.1943426440549526,0.032713179306293784,0.16017186041245893,0.13779228080460595,0.07458350990408252,0.2468690463584482
21989,0.2017716294274717,0.13627451794578813,0.11745874758943115,0.08006521739739184,0.21023921864551706,0.12764732818383714,0.02804384293524513,0.09849949787531774
26547,0.025310161630357667,0.1206290526933732,0.1662223656690779,0.11059087125420515,0.10302937522154883,0.13637347896477536,0.17661745281942876,0.1612272417472332
25153,0.015540056316779172,0.12663477325286626,0.20122342499784387,0.04679682435868254,0.22054721659229126,0.12355389142329118,0.06446951510635682,0.2012342979518888
9706,0.022001281316471815,0.13596392678169114,0.15910462562156594,0.05328380484706634,0.2168211392409351,0.14145928380392658,0.08626671760918363,0.1850992207791595
11655,0.04334614715019771,0.13298220178183015,0.1794098143349608,0.10412428157683537,0.15570057658353473,0.11416340343665553,0.1268788120214256,0.14339476311456026
10887,0.01080278415500712,0.1438235479006787,0.19338033490066323,0.03179498359082912,0.18114826419718796,0.14413421748706637,0.06197670296473456,0.23293916480383303
19087,0.022366840783149905,0.28192015966667155,0.18542767348499062,0.07862519767411158,0.04731676392231879,0.10223957514441995,0.0964300389159916,0.18567375040834583
22570,0.055878148277096,0.17396503511806846,0.13681856451604965,0.19607555792560852,0.07881825468622396,0.14292416087602916,0.08714694020768433,0.12837333839324
16588,0.28638733628133806,0.11169519262435822,0.12621605873029534,0.07646525890532471,0.11218994328026759,0.11448572766106255,0.05016867792676081,0.12239180459059273
19524,0.04573010966516329,0.12024888122670634,0.1560842725347128,0.12660112352422867,0.1578051897281963,0.17529043913248776,0.07135603646553268,0.14688394772297225
27327,0.00917934152951643,0.11358777994713477,0.18947484318950888,0.043580235259571935,0.17035908680180362,0.14945364496207458,0.11019717097173952,0.21416789733865024
9802,0.22710682135544646,0.12581882384570198,0.12253427759833302,0.0822230972863863,0.16007677572541174,0.10383493299215879,0.04296207221859081,0.13544319897797083
15658,0.05611411855383827,0.1635451452280143,0.15175411954339516,0.14172845780276272,0.08187730815194762,0.15864182573098382,0.08462148729467232,0.16171753769438582
26686,0.03815709790324013,0.1177950584713356,0.18213589094947671,0.08667144696473603,0.12521606887550896,0.1959563631991483,0.08575519350327664,0.16831288013327764
27649,0.08602438594371266,0.1200768888284905,0.11899160760986488,0.20904357312728897,0.13717249504136855,0.1456034758843678,0.07413503843169171,0.10895253513321487
21404,0.3006011687215199,0.08876590950757764,0.11601117545974146,0.06371739166935524,0.13665788362409875,0.14208490818075542,0.054722568233247545,0.09743899460370402
4928,0.31274412255983275,0.09003432142891203,0.11472092490732394,0.06614766262452604,0.1362896738358099,0.12852475728344584,0.055768243935181185,0.09577029342496823
8701,0.025646629963975282,0.11253822694095632,0.17437386040237526,0.10681288091103261,0.10209794251505594,0.1340400250182539,0.19931877161507805,0.14517166263327272
9444,0.03662356247139072,0.15185796033170834,0.16194407081659834,0.13433365661512148,0.09136716657431716,0.14976756611656358,0.11401448781996666,0.16009152925433384
21570,0.0788587913733072,0.12935950028490756,0.12338718479779102,0.19376647749945225,0.08942308702418643,0.18111659306502456,0.08047739901071688,0.123610966944614
6154,0.05435547749471027,0.18623710534139948,0.14213405443044136,0.14851377772990887,0.07364816492392197,0.13881223056996694,0.12951566578621224,0.12678352372343893
10861,0.31198767411750405,0.0844241695729509,0.11142278757575097,0.06838579833630504,0.13817047820693704,0.12198823755042881,0.06576824393518119,0.09785261070494189
10233,0.34429874362425594,0.08579752617623228,0.1168832137464979,0.07235800941090316,0.09073684244290409,0.14441789342103678,0.03193267218177181,0.11357509899639798
6066,0.036204090521675114,0.1252147054520986,0.165968648126414,0.1284558594400088,0.09858501248736959,0.1816806267375676,0.08638124219309973,0.17750981504176672
18155,0.06659802458805421,0.14305527059456588,0.14564807869009658,0.15191460080275504,0.10752875495988592,0.13844947613252498,0.09773432363795692,0.14907147059416068
6871,0.02833377096808738,0.14995552444810087,0.15301132153194716,0.1204947840876524,0.10764305805566904,0.1441452914869964,0.10825137451768871,0.18816487490385816
3553,0.08617320472752833,0.12784585446593788,0.12369302557091068,0.21888318727750108,0.1125904575114563,0.14824233957324545,0.07524431947072503,0.10732761140269535
16463,0.02238676361174414,0.12461433287168731,0.1623622250322253,0.06846998776530346,0.18054014688042258,0.1590199782432327,0.08609699716463715,0.1965095684307473
25967,0.11180255052614564,0.1066806608783969,0.1257379573610352,0.15751623381344543,0.13618738743110978,0.14234349024391116,0.11028174791185677,0.10944997183409919
15172,0.05909851662274528,0.129419645762217,0.1327880470492897,0.1976241071405304,0.10249587226243312,0.12381378168868881,0.12921554847016098,0.1255444810039347
2591,0.023513301739701817,0.10720195928891928,0.13173582653057528,0.07948210849936173,0.24390933396034925,0.11902368029762286,0.15545299495275422,0.13968079473071549
12863,0.027899013226034428,0.12540261836731317,0.1633142308522024,0.1237762431716155,0.10986665882174984,0.1480500158161401,0.12227295594015752,0.1794182638047871
8090,0.02770046600723536,0.15714902880956916,0.18552734838371637,0.0723454927731904,0.11376840925759257,0.1452019029125523,0.10350807343649837,0.19479927841964537
21348,0.037913957777413757,0.1272584132897398,0.17987570677213288,0.09305511026984686,0.15020238863992333,0.1779620305801361,0.06564512069495268,0.16808727197585463
21588,0.040231846407834594,0.11892421923132097,0.16934653861535756,0.0783960122824514,0.18908531174555537,0.1892950598788769,0.06123759946291654,0.1534834123756865
23497,0.2679582339817515,0.12210041246675354,0.10883265363998859,0.08566538274046648,0.15593773041209139,0.07977131629546232,0.05758510611410568,0.1221491643493805
11245,0.05694904140021426,0.17000118447237572,0.15662131606106308,0.1313560902113334,0.07207941136243701,0.15474200536350202,0.11932942016378414,0.13892153096529047
19097,0.02370996193052475,0.142306402279302,0.1638407443803092,0.087140818796941,0.12846849118972542,0.15684530763892815,0.12120757399449061,0.1764806997897788
9062,0.0545825484663385,0.14886559325854024,0.15000420296408712,0.1639309430796684,0.09072186493691378,0.1478754196469109,0.1074516265590303,0.1365678010885108
11896,0.13734612589374046,0.11155482623659603,0.13212187763061858,0.14145866573562674,0.12722730935742793,0.12186443663254347,0.1053334225864413,0.12309333592700542
11336,0.03877008282933884,0.11870536003941173,0.1563946288111783,0.10093784791076364,0.1678391146604956,0.19828747476095,0.0729289519309098,0.14613653905695215
14563,0.10100229687716687,0.10771857548998699,0.12855182353775507,0.1782072294614088,0.16044987140036387,0.12589933917298873,0.07933188633828309,0.11883897772204659
7410,0.037460705103004525,0.12202335902000534,0.17594632780068242,0.09460884123342642,0.14485068437957016,0.1933667754948782,0.06578822234057331,0.16595508462785966
19408,0.10645084697230703,0.11688029160880684,0.13056533956437347,0.16082320166660324,0.17155421466896215,0.1445207197055725,0.063020930947095,0.10618445486627978
2586,0.3189073332853833,0.0941934443231483,0.1149664074352256,0.06753901646605573,0.12991592618476921,0.12948540194506916,0.04853899039805284,0.09645347996229586
15151,0.09446093192118106,0.11202122459626303,0.1240774870851145,0.17049543232909004,0.18277833079764588,0.1363765448690144,0.06752932721995357,0.11226072118173754
3504,0.02160620479074704,0.3193588746774427,0.1931126828212499,0.08391956862524029,0.04357141619423574,0.11125282368551188,0.05652890561480217,0.17064952359077018
10419,0.016542090434192823,0.2656859157288619,0.21639192485608458,0.08241376013297874,0.03506819229691599,0.1142164421309052,0.05331566916182864,0.21636600525823213
17618,0.03892448482507668,0.1496430357330972,0.15661981143287912,0.1000731837076116,0.11651167672697339,0.17533017388417363,0.0854505705899891,0.17744706310019936
13560,0.2761664531667881,0.08367467479174179,0.1158853683186946,0.09027085273565756,0.1697894284496048,0.13199635098349055,0.0410890134650734,0.0911278580889491
13984,0.26274887524096024,0.12663081653036096,0.11433528519888148,0.08153598256267092,0.15968335359527194,0.08313362990872962,0.040524957339662604,0.13140709962346214
9819,0.027261407888969774,0.12846056191646205,0.16931522204140592,0.06443206391196633,0.19227619477554236,0.19471765710607636,0.08446316263184668,0.1390737297277305
23949,0.19266415075864296,0.09513128561089339,0.14040353211104872,0.09697810150939824,0.18908118941799257,0.12043155279283824,0.052345086912941916,0.11296510088624397
15002,0.03554783612099334,0.12066100648731407,0.15541318245139238,0.0907843551536527,0.18708781489000198,0.1879627978370173,0.08448072507098207,0.13806228198864612
3875,0.022431153100615612,0.11749528502792302,0.1527833489416771,0.09152643194973953,0.12681582417036685,0.1628837176843469,0.16796356156698342,0.15810067755834767
26471,0.030579129548070502,0.1490842279023382,0.15382385394614193,0.12785837784850618,0.06994264665309698,0.12942221343248972,0.20137630634358328,0.1379132443257734
19885,0.03693142331554381,0.15138693593017274,0.14604410885976812,0.10708370107774716,0.10082002560812382,0.17707859092687755,0.12473122246947062,0.15592399181229621
5756,0.031873259126825586,0.09512222598722075,0.1463092082786647,0.18220405437771817,0.11544569401716133,0.11948030342202681,0.17497491978721388,0.13459033500316894
18070,0.015851774060308643,0.10328476662450808,0.1667218015932128,0.08283558168956504,0.12187231597060545,0.187334579585979,0.1422739861103271,0.17982519436549396
6783,0.08391863471695815,0.16666127863987604,0.1284165255647326,0.16078755160699132,0.10572905330261641,0.14759523064192284,0.09962845454802399,0.10726327097887867
15975,0.05218192043168275,0.1895490998707159,0.1415206536104987,0.1306210099826829,0.07341292091379029,0.13843930423418088,0.14125351817172047,0.13302157278472815
14779,0.04197704336618965,0.08082916380273002,0.1560307625456559,0.2102091714144565,0.11899804698353109,0.1999329817058669,0.025430547785552524,0.16659228239601742
19237,0.0373332923732128,0.26478199900127153,0.17266805466404725,0.2026553791811591,0.04481727550918089,0.11679595682726046,0.044207235443458934,0.1167408070004089
26473,0.056735604471531094,0.13626418102299473,0.14818313858294693,0.10504996035394985,0.156566910491233,0.1572751997321565,0.09195630659148246,0.1479686987537054
21311,0.04492171633443839,0.16812179106503905,0.14953977027903276,0.10143510417152576,0.09330813017758274,0.16119434535923347,0.12456562022878304,0.15691352238436493
27551,0.049326171960985626,0.08064897062077468,0.18963713983890046,0.13699003452777403,0.20749452663333906,0.15130435238101503,0.036810983703869524,0.14778782033334148
2705,0.017857059565828618,0.15726795036845487,0.21073698058255666,0.1370294791410455,0.05946682802716314,0.12278439231396467,0.06961482931718595,0.22524248068380057
12514,0.026440343913301533,0.14244656101128067,0.16499384954005705,0.1275664296690909,0.08217963764236196,0.12960521911640535,0.15803978610018027,0.16872817300732226
26485,0.3355087695716633,0.08973721541969173,0.10782750470964596,0.11237086270467433,0.10098364644680745,0.11504547307345467,0.04978919833799798,0.0887373297360646
8906,0.07937036860149704,0.18348033925716692,0.15328357442678098,0.09482105370083238,0.06844790013909774,0.1570522333099016,0.09854288259817746,0.16500164796654596
674,0.04189462581066444,0.15416087744753468,0.16831367185164992,0.10284211813545094,0.09325195949986936,0.16720715419926588,0.12397597744557828,0.14835361560998658
9391,0.02226248720725029,0.2990148649792969,0.19106381219693502,0.09554936318045876,0.05792988010525076,0.10270461397878128,0.05104488320973927,0.1804300951422876
7712,0.14753510068902295,0.12749582124597222,0.12899751725794462,0.14225190895608594,0.16411286001474693,0.09870619561393773,0.06856619161620352,0.12233440460608619
17681,0.028956190222375527,0.13772444457780003,0.17102161129411847,0.11928067808436058,0.10104316488654373,0.15289277255789002,0.10823620602734212,0.18084493234956966
15221,0.036282695285995974,0.1394159524872998,0.15219289222661062,0.11374450114389065,0.10553594461486154,0.1532082946379734,0.1512985749824773,0.14832114462089074
11436,0.03779431407456396,0.13107029526279446,0.18391367383962529,0.10237173049466777,0.07346035976763977,0.15143833279394883,0.17129125775785287,0.14866003600890706
23356,0.06293110455537237,0.15060424337796247,0.14118741900823228,0.17418279655342025,0.09399221429088747,0.1390856935551798,0.08034027377268226,0.1576762548862632
25632,0.010330611622891773,0.10338178417666893,0.17245231455648444,0.05739766418526278,0.1280739103896399,0.16059765552822353,0.179636371128733,0.1881296884120956
11684,0.0471500315501615,0.13886742877715086,0.17254646422183387,0.09729412792640807,0.08385900297901404,0.18256271115709632,0.12755420334361378,0.15016603004472157
14883,0.013674753905587629,0.11154898418936793,0.17997880899935254,0.04544983477487638,0.15582402511863147,0.18999336409502215,0.11612552375240748,0.1874047051647542
20302,0.016264675412223914,0.10089766605267778,0.1821800805290547,0.06494712928507167,0.12374695500481286,0.19036925093516124,0.13440352865814711,0.1871907141228506
21899,0.03900770439498658,0.15069176426504016,0.1559377375463774,0.10465628153339637,0.09134472473583057,0.19830479728838146,0.10019499415546466,0.15986199608052284
15954,0.32665057813636983,0.08644731598430667,0.11609043837404485,0.06502632915161576,0.09750010109083045,0.1471809804628781,0.04392446336776547,0.11717979343218884
16830,0.26015886431327273,0.12144471020279538,0.11241996143553959,0.0792367595558625,0.16419101871954253,0.08261219353000904,0.05876253270482322,0.12117395953815495
12111,0.09598819379827915,0.11622851243182467,0.12386375163928152,0.18188596701751275,0.1577675779840771,0.14100230377038517,0.07128026705291425,0.11198342630572539
11862,0.04027729709785258,0.14253312272252944,0.16806058742503427,0.10020495119781023,0.09157612276938407,0.17548510193193942,0.12864041020454897,0.15322240665090106
26342,0.08011616735960761,0.11742939928824779,0.1492483033952425,0.12438798602740932,0.1649914857748034,0.16862420500514677,0.04502965246344018,0.15017280068610256
11683,0.06696088285601182,0.11914526425569953,0.12088502702569874,0.23957065797121493,0.09522027121534508,0.1308684529700833,0.1101399897388122,0.11720945396713439
20741,0.044032460017984824,0.13129005137723312,0.1670542972923235,0.1058804379824232,0.08112779303585953,0.2026481451297813,0.12156636842088643,0.14640044674350816
3927,0.11180255052614564,0.1066806608783969,0.1257379573610352,0.15751623381344543,0.13618738743110978,0.14234349024391116,0.11028174791185677,0.10944997183409919
17864,0.02896153756754936,0.1266516386155475,0.16923485151958878,0.10522693619793828,0.11039477708674385,0.17292682373278073,0.07422665757756378,0.21237677770228774
21896,0.01754552813321656,0.12299542711172375,0.19399499368493955,0.05868325095856983,0.1419800515621572,0.12468270694628433,0.11285259971041287,0.2272654418926959
13268,0.3006513948766814,0.08715192621690608,0.11608072946707729,0.06563433091630405,0.13810600494765302,0.14332007372992916,0.05207116773557897,0.0969843721098699
2521,0.20939392415816652,0.12786760780492068,0.12309953194186338,0.08630746294752147,0.18345572608463795,0.13683913150045746,0.027355107126231917,0.10568150843620058
27553,0.03658809937882456,0.26178305685255493,0.17600482078995994,0.19997620687735942,0.0453662004352056,0.11198255932676666,0.043973168145067444,0.12432588819426126
7341,0.05908951539354491,0.1378587389385234,0.12592771398190084,0.21249590780887437,0.0753242129665245,0.15942070702852906,0.10955390789237347,0.12032929598972951
17027,0.011296401188206785,0.12140620935495416,0.16334889169360264,0.046875532509612426,0.13717433604917892,0.17017489315563725,0.1366106355232815,0.2131131005255263
23178,0.03531471868510497,0.13409040985254525,0.1618295029306488,0.11910287171571773,0.0958585630717497,0.17364137388983092,0.08729611905510676,0.19286644079929602
17738,0.013877175371260035,0.12969198404339594,0.166491400622763,0.03543977227929945,0.23880956463366335,0.14283288638949965,0.09432137061898095,0.17853584604113762
148,0.13969815250911063,0.1147803104961777,0.13471218838823915,0.11824467775046109,0.13023411216346012,0.13988696196575315,0.0840870690529974,0.13835652767380074
9508,0.09005715846861634,0.13542326221585732,0.12598739922428412,0.1663406032158617,0.1109850780739568,0.1677040986938715,0.08851304254540196,0.1149893575621502
10373,0.0899168951685367,0.12394844473321445,0.1470465918784497,0.13987556464752282,0.16024435890663496,0.1477363841653173,0.04504452931482711,0.1461872311854971
25597,0.08526975546975427,0.11993618679987059,0.15568151073321249,0.13094130229687606,0.15530280554801543,0.15284085080691073,0.04555217259137322,0.15447541575398732
16300,0.34429874362425594,0.08579752617623228,0.1168832137464979,0.07235800941090316,0.09073684244290409,0.14441789342103678,0.03193267218177181,0.11357509899639798
27369,0.30080144592489116,0.08866882138305682,0.11542918357367543,0.06563433091630405,0.13810600494765302,0.14230467340897057,0.05207116773557897,0.0969843721098699
23931,0.29046031632540176,0.10709933283249391,0.11090381684873518,0.07417615798560921,0.18241827948376765,0.08564141393786465,0.044478819240981134,0.10482186334514637
2811,0.2874489265466923,0.09692921740658939,0.11516926027054863,0.06708032628546035,0.1743251029280184,0.12079666154233233,0.03358181274846726,0.10466869227189136
27886,0.1132224778567046,0.10299287322770445,0.133707059030163,0.17444078510666725,0.17758979959086182,0.13869499027710838,0.046433452282380154,0.11291856262841041
11216,0.013524910431852746,0.14467003308485085,0.18309883390639978,0.0327868262197943,0.2036971137898644,0.1422244079753803,0.09289872940401905,0.18709914518783854
26350,0.034844809100449445,0.12245058535216122,0.15416692445442998,0.20949204829015775,0.07627592652807821,0.14902360145673196,0.12465908016265644,0.12908702465533506
18496,0.30777357953740875,0.08944571443698165,0.11415725812640896,0.06798788682471688,0.15172412685372502,0.11940608560430452,0.05188283104534201,0.09762251757111205
11059,0.30080144592489116,0.08866882138305682,0.11542918357367543,0.06563433091630405,0.13810600494765302,0.14230467340897057,0.05207116773557897,0.0969843721098699
3724,0.2648748594247017,0.1257592442020326,0.11505083194237276,0.07740762682987809,0.1689928654102523,0.08331225800951027,0.04224485134157932,0.12235746283967282
23381,0.03819960230390861,0.12464016178382355,0.1789436250820677,0.08636742500386493,0.16115418383033295,0.18695947603758767,0.06219207465835084,0.1615434513000638
21234,0.23999374573574994,0.12182374007398276,0.11804845790677676,0.07523617387088348,0.17918345650086967,0.08733783234001942,0.04865162779648045,0.12972496577523734
938,0.126485256691078,0.09805299044342936,0.13775655284112862,0.12189498469361995,0.2108180380511413,0.14500280574681793,0.035182275857220786,0.12480709567556421
4334,0.16174792713879896,0.13479029549516608,0.13146011883830983,0.1666662401907346,0.08337107349918121,0.10571880529497149,0.08488346606689008,0.13136207347594794
4069,0.14626130090361808,0.09131388016529388,0.13953766997154812,0.11306055079223944,0.22293940665493886,0.12778257005025065,0.03288393921217934,0.12622068224993163
24307,0.2583880905499557,0.1293440335269209,0.11638340882955596,0.07845471098573255,0.17138164864569133,0.08301783564183017,0.04091260752169593,0.12211766429861726
22936,0.30777357953740875,0.08944571443698165,0.11415725812640896,0.06798788682471688,0.15172412685372502,0.11940608560430452,0.05188283104534201,0.09762251757111205
25232,0.18351933861690728,0.17878843994042662,0.12297928212058569,0.09906444442852677,0.097450126618593,0.12393216335467674,0.04596505168106464,0.14830115323921925
15502,0.30080144592489116,0.08866882138305682,0.11542918357367543,0.06563433091630405,0.13810600494765302,0.14230467340897057,0.05207116773557897,0.0969843721098699
19844,0.09229247482719721,0.13437655427483752,0.13596151528314815,0.10553775478109736,0.13358416133518566,0.14518906113103783,0.11405205002743042,0.13900642834006594
18653,0.2646514203905978,0.14790149240600187,0.11325203057983611,0.1004933184702264,0.08936398693262733,0.1089967315846359,0.054685308155217056,0.12065571148085752
4301,0.03968350041630688,0.12099878312160534,0.16201868013440965,0.1111617533245347,0.10618161945527854,0.19564978763741162,0.07861860565549202,0.1856872702549612
7442,0.018064994963888966,0.11958567159164828,0.15706863583384106,0.03990042571519894,0.25679209959740196,0.12198426942752183,0.11478165677414202,0.17182224609635693
20280,0.03305968963258556,0.14368690906014245,0.14387422250669693,0.10520486334260047,0.1096717709305013,0.14996190693748293,0.1765294683783121,0.13801116921167833
16866,0.30080144592489116,0.08866882138305682,0.11542918357367543,0.06563433091630405,0.13810600494765302,0.14230467340897057,0.05207116773557897,0.0969843721098699
6461,0.046107900002783496,0.12518576684432003,0.15522360783812744,0.10241114255250308,0.11894961329968025,0.1979683662347459,0.08697811123422801,0.16717549199361173
8166,0.30080144592489116,0.08866882138305682,0.11542918357367543,0.06563433091630405,0.13810600494765302,0.14230467340897057,0.05207116773557897,0.0969843721098699
10390,0.30080144592489116,0.08866882138305682,0.11542918357367543,0.06563433091630405,0.13810600494765302,0.14230467340897057,0.05207116773557897,0.0969843721098699
22095,0.30777357953740875,0.08944571443698165,0.11415725812640896,0.06798788682471688,0.15172412685372502,0.11940608560430452,0.05188283104534201,0.09762251757111205
24640,0.05686326220058736,0.15530350318694106,0.14387255792078668,0.14983205093451255,0.10090645506859079,0.14436596186485123,0.079662779253383,0.1691934295703475
24001,0.1915360090572863,0.12352340428930479,0.1244181224345733,0.12745389623743647,0.17339056684639245,0.10403359699947579,0.046735456205269144,0.10890894793026172
21211,0.2874489265466923,0.09692921740658939,0.11516926027054863,0.06708032628546035,0.1743251029280184,0.12079666154233233,0.03358181274846726,0.10466869227189136
15052,0.34429874362425594,0.08579752617623228,0.1168832137464979,0.07235800941090316,0.09073684244290409,0.14441789342103678,0.03193267218177181,0.11357509899639798
18884,0.13686417624086822,0.1598264643078307,0.14394618154625488,0.1253030772458019,0.08618877613497843,0.12641371301382964,0.07980930863088814,0.14164830287954816
15944,0.3391285412040111,0.09577716699568808,0.11776859645492305,0.06564106693202848,0.09487537674282293,0.1396373025008305,0.03472094413041828,0.11245100503927773
15267,0.29858462217897364,0.09334887190367741,0.11210886583528806,0.07399673093788028,0.15504416039764257,0.11436533656182474,0.05463380340538298,0.09791760877933017
18620,0.059096388195896264,0.16038953605607717,0.12410126060622702,0.20954976953878593,0.08068492727904175,0.14121347914427898,0.1186670374602696,0.10629760171942353
11754,0.30080144592489116,0.08866882138305682,0.11542918357367543,0.06563433091630405,0.13810600494765302,0.14230467340897057,0.05207116773557897,0.0969843721098699
17346,0.09314745275782793,0.13240629474654925,0.13047686423720456,0.13776668587238305,0.11140802577129516,0.15273534407327452,0.09561949761285415,0.14643983492861143
16845,0.03266047866475799,0.14001420110905005,0.15464148246205783,0.1310872691205513,0.10700033537199173,0.14989932427994068,0.11933743463741084,0.1653594743542397
13326,0.032324850053651,0.1443325166417971,0.17161596684549107,0.12112450257513753,0.08549565764349865,0.14140568301771167,0.14657486625684774,0.15712595696586534
12083,0.30080144592489116,0.08866882138305682,0.11542918357367543,0.06563433091630405,0.13810600494765302,0.14230467340897057,0.05207116773557897,0.0969843721098699
11926,0.042194984756235954,0.09254228833515148,0.17789849322863488,0.1123243331521029,0.20642832126468,0.17453357840332018,0.028785384329504837,0.16529261653036964
23745,0.04248499748608462,0.13653289482434805,0.15532498969199898,0.1063297285220241,0.10575545735693993,0.1855590236548147,0.10245503693058333,0.16555787153320636
17892,0.30777357953740875,0.08944571443698165,0.11415725812640896,0.06798788682471688,0.15172412685372502,0.11940608560430452,0.05188283104534201,0.09762251757111205
27100,0.30080144592489116,0.08866882138305682,0.11542918357367543,0.06563433091630405,0.13810600494765302,0.14230467340897057,0.05207116773557897,0.0969843721098699
18307,0.13135230296319617,0.10329271008775462,0.13095889680226333,0.1326060976336973,0.1351666707687195,0.11965751187015485,0.1302553858791136,0.11671042399510059
11746,0.2874489265466923,0.09692921740658939,0.11516926027054863,0.06708032628546035,0.1743251029280184,0.12079666154233233,0.03358181274846726,0.10466869227189136
21156,0.02974814571926205,0.1261387431114697,0.1672639147889802,0.10209968360835138,0.12621867088386884,0.1665631757497249,0.07640570556357919,0.20556196057476372
21263,0.07346079468403169,0.12254754953976199,0.12514011827534757,0.21729536773757427,0.10798973822642827,0.14109810276278295,0.089008190527323,0.12346013824675031
21099,0.30080144592489116,0.08866882138305682,0.11542918357367543,0.06563433091630405,0.13810600494765302,0.14230467340897057,0.05207116773557897,0.0969843721098699
9455,0.2874489265466923,0.09692921740658939,0.11516926027054863,0.06708032628546035,0.1743251029280184,0.12079666154233233,0.03358181274846726,0.10466869227189136
23390,0.020211258091671923,0.281383337582491,0.19969440851940962,0.08501560748223888,0.035219155713655775,0.1183926799245763,0.061480074951858095,0.1986034777340983
19517,0.04770726081341206,0.12793849330192159,0.1422903584139082,0.10433613862274577,0.15841830537507393,0.15196930564786165,0.10519552031027717,0.1621446175147997
5036,0.19496150918579616,0.09828669926765057,0.13898599873422504,0.07925049380760724,0.1950011765153461,0.1290279279321154,0.050235297832591785,0.11425089672466773
21500,0.07455862914705655,0.16505385689936813,0.15810065204295792,0.09351654676970528,0.10888022909624731,0.16258682496001736,0.07515650987899374,0.16214675120565392
17857,0.2874489265466923,0.09692921740658939,0.11516926027054863,0.06708032628546035,0.1743251029280184,0.12079666154233233,0.03358181274846726,0.10466869227189136
7822,0.04066978659325006,0.251252255026985,0.17739702391015783,0.21990674425345488,0.039281490169914314,0.11759652070558102,0.044797839981590884,0.10909833935906585
9671,0.28717580959935135,0.07902965034254661,0.10463017332082844,0.08501427518674795,0.19241935345940525,0.11170273424929979,0.05106004240916955,0.08896796143265089
17042,0.034675332731422134,0.15233883996808223,0.15775128471957525,0.11263435399272938,0.0960997304336045,0.17432418219406723,0.08598849413657207,0.18618778182394732
23033,0.2591474950555481,0.12041550406444776,0.11163571853799725,0.08596916818280846,0.16260960314112374,0.0818115171060463,0.058137775933102216,0.1202732179789261
17625,0.027824752411803794,0.10115540561036328,0.15550134776899457,0.11855227950681156,0.14407120890181724,0.12670658983085553,0.15858772107307378,0.1676006948962804
13690,0.2461594011950374,0.10702121054027405,0.11062176486141141,0.06513270117041313,0.22265861918676857,0.113667947366414,0.026862205074496655,0.10787615060518464
26712,0.037375196677629195,0.12607546160124505,0.17661483879753803,0.09723985926689972,0.1522666973556217,0.17405626118454326,0.06841246214099585,0.16795922297552734
9505,0.2874489265466923,0.09692921740658939,0.11516926027054863,0.06708032628546035,0.1743251029280184,0.12079666154233233,0.03358181274846726,0.10466869227189136
27842,0.09092013142991659,0.1237069624593439,0.14008284363636161,0.14934143775861972,0.17688516234761115,0.1364409052014062,0.04482471749502546,0.13779783967171547
20969,0.12114514712084891,0.10673452007608125,0.13087253564382922,0.1518730750368747,0.16474102981384717,0.13701394833250244,0.07603989350149758,0.11157985047451872
16608,0.07938008255795567,0.12616281384689843,0.14566726844032057,0.18828410413542673,0.14269165778611248,0.1297346047499848,0.05452812351003935,0.13355134497326204
5447,0.03561047935396336,0.14448956342324287,0.17381723437186203,0.10282702294220104,0.08323893198897325,0.13925765658042205,0.16757928522055093,0.15317982611878456
15842,0.08767161132260838,0.12429295049072239,0.12270204732658542,0.19469340618417527,0.12036489237385244,0.15771812791180806,0.07433730809853409,0.11821965629171396
15978,0.22512949772725155,0.11185910097302769,0.10902848334500151,0.07178211258262458,0.2188325664878596,0.11399341215348482,0.040108454011409396,0.10926637271934078
10594,0.30080144592489116,0.08866882138305682,0.11542918357367543,0.06563433091630405,0.13810600494765302,0.14230467340897057,0.05207116773557897,0.0969843721098699
4107,0.2823194893621892,0.10001898956443143,0.11361057814542201,0.05570253710861492,0.16746138354817414,0.14275076722367677,0.029230571553553252,0.10890568349393825
4689,0.031704343737920505,0.11200735094859107,0.16979506875406514,0.10575287325200736,0.13452977972711028,0.18190680671036552,0.06966881299677016,0.19463496387316997
13986,0.2874489265466923,0.09692921740658939,0.11516926027054863,0.06708032628546035,0.1743251029280184,0.12079666154233233,0.03358181274846726,0.10466869227189136
9844,0.30777357953740875,0.08944571443698165,0.11415725812640896,0.06798788682471688,0.15172412685372502,0.11940608560430452,0.05188283104534201,0.09762251757111205
20376,0.22159827615922242,0.10840083899524418,0.11052519604390654,0.07303428857117793,0.22938964955738722,0.10966437985980321,0.040108454011409396,0.10727891680184896
2881,0.1345055305595401,0.09843703005429327,0.13893779822324298,0.13110511955925258,0.19401792051861427,0.14839156009890592,0.029916811031389524,0.12468822995476131
20999,0.05814866167802817,0.15472098447216873,0.14177319767899463,0.17281995862088928,0.09538488633483162,0.14651877743485142,0.0865724902092303,0.1440610435710059
1448,0.09083787991545446,0.11250905992360492,0.12328549560718334,0.22384616079584924,0.11496359377626343,0.1376923875527138,0.09077923919216593,0.10608618323676508
2274,0.2538734927309028,0.13538367802080398,0.11723630608349624,0.10075570300148128,0.11610261479460628,0.09261111463476364,0.044005966285527755,0.14003112444841823
26885,0.2963323509283965,0.08933801871063787,0.11762373161957057,0.06387593422900113,0.13185188455159066,0.14863617601124013,0.05207116773557897,0.10027073621398407
25051,0.3114053803762921,0.08782540216565407,0.11416838564682996,0.06823694592589544,0.1536330366258547,0.12389462064971989,0.04556834484294571,0.09526788376680799
6880,0.17736198751242443,0.12502331472317615,0.1336272834159683,0.12185317341737446,0.13489687034240622,0.09867680245542257,0.0777987026451805,0.13076186548804736
20119,0.30828899762502265,0.09301705915847296,0.11624339227702306,0.06702568475783374,0.12653381883632758,0.14373017400200327,0.04749331469611919,0.09766755864719757
22759,0.062033138634589806,0.1549417537434651,0.1665994077164263,0.10613064793271641,0.10179995585426972,0.1693879455630648,0.06481698345067373,0.1742901671047942
14467,0.029476438889110054,0.2729352275510296,0.14571027991856222,0.1775438253152253,0.1547577774480148,0.0917720670912603,0.011325549746324652,0.1164788340404731
12429,0.3121990765362389,0.0875119305382338,0.11089158503481059,0.06609543046054203,0.1401498091408162,0.11149173422348647,0.07514710722385952,0.09651332684201233
5621,0.06257757030406601,0.10627754381492024,0.1519463009241884,0.10313401366614534,0.19593468133925815,0.18814428340609585,0.04038112544496669,0.15160448110035932
21237,0.34429874362425594,0.08579752617623228,0.1168832137464979,0.07235800941090316,0.09073684244290409,0.14441789342103678,0.03193267218177181,0.11357509899639798
3127,0.09315846932440856,0.11488201564837491,0.12309946738976622,0.18259664584134538,0.14498736520307462,0.14082666711392577,0.0885095205900426,0.11193984888906193
6547,0.2758564944072422,0.14285562596474477,0.12177828240244516,0.0934178619473718,0.10647041382012111,0.09952282814245837,0.031124087456847475,0.12897440585876918
26807,0.21135273237845198,0.11730873769526794,0.12036832871315901,0.06771244725062002,0.24073315743514948,0.11916051136300218,0.02304618540007007,0.10031789976427927
12126,0.07737004841872402,0.12956607147527083,0.12592527743605786,0.21083081242999302,0.09002790910396807,0.1714567757252451,0.07931542518531144,0.11550768022542966
40,0.045532498570064577,0.1674733494213288,0.15525768329739162,0.11674852199556035,0.07728226703125707,0.17933952625384253,0.11610904404427386,0.14225710938628122
2099,0.04755090630638172,0.13406084874463228,0.15288563054161328,0.10505252977231258,0.10786056817976625,0.18167768840411888,0.0933849669013769,0.17752686114979807
20067,0.03490850223343107,0.10618558324694875,0.15961645684717699,0.07856854195878168,0.17481867153966488,0.20723885486343063,0.1001559085367016,0.13850748077386424
7297,0.06404084137969543,0.14306877169807086,0.1393511502257297,0.2034028721749624,0.09265865741764141,0.13039094875663582,0.07871275733201766,0.14837400101524678
26029,0.06055106832737997,0.12928516763724782,0.11745627490918664,0.2600970844393428,0.07585590976362423,0.1557862677361786,0.09211727022907618,0.10885095695796373
8,0.3081389465768129,0.09150016399232222,0.11689493817042491,0.06702568475783374,0.12653381883632758,0.1447455743229619,0.04749331469611919,0.09766755864719757
25798,0.015476011609306162,0.12537221137367793,0.1516791126399095,0.04141335671883811,0.22846722149832932,0.1602684785050185,0.13373211714314004,0.14359149051178036
9281,0.293413967638751,0.10976146588528893,0.10938010472992968,0.07830451371840202,0.16674450917420766,0.08567793763991027,0.042758925239064424,0.113958575974446
25473,0.2402323199003667,0.0945842732927093,0.12099715416722759,0.06713848639559215,0.19532041219931703,0.1450556819596499,0.028513164266236523,0.10815850781890064
8536,0.18088703146031418,0.09118136097626277,0.14433445328323116,0.06188325560335266,0.14831727413210946,0.20365646797306622,0.02156684775998246,0.1481733088116811
25381,0.32440285363665117,0.09062790665338159,0.11023892554609371,0.08266951542753817,0.13167308579665613,0.11613273956543935,0.04791670245854949,0.09633827091569039
10440,0.028954128575460113,0.13411401119199243,0.16760133018522463,0.0907218386394117,0.09894319466486298,0.18770928342720972,0.13346472514718294,0.15849148816865552
10536,0.027743297586877023,0.10627554764897056,0.17994411264524246,0.10417252297262689,0.12348495024477822,0.179177993506779,0.0930144779336197,0.18618709746110626
25033,0.32440285363665117,0.09062790665338159,0.11023892554609371,0.08266951542753817,0.13167308579665613,0.11613273956543935,0.04791670245854949,0.09633827091569039
21090,0.30726961514484485,0.10440366899544264,0.11128951702654515,0.07717330964887957,0.15399236841055258,0.10395534093330422,0.04440988443080429,0.09750629540962671
16995,0.01884559817613397,0.11515276782928556,0.1762276935567417,0.04445443777927609,0.2160311814224172,0.20028965441124086,0.08152720282825048,0.14747146399665412
26899,0.03418456772118425,0.1431441558267044,0.162775745619373,0.12100902336321495,0.10387543988709526,0.15408201968240026,0.08942696280665043,0.1915020850933776
27129,0.03330857293682678,0.1111341155158476,0.1668569843528141,0.09564650651062821,0.1883792664068446,0.1933030009562201,0.06444932532538125,0.14692222799543733
13621,0.05678057175504134,0.1574099945035304,0.1481773305890325,0.1670334652330476,0.08235853669803184,0.15370936750126105,0.0813878168548144,0.1531429168652409
3215,0.08588461295822829,0.1842749847187303,0.13431726404419822,0.131754278096177,0.08542841765484413,0.15834944518938004,0.0942825229656494,0.1257084743727926
25585,0.3081389465768129,0.09150016399232222,0.11689493817042491,0.06702568475783374,0.12653381883632758,0.1447455743229619,0.04749331469611919,0.09766755864719757
11484,0.3116497352659023,0.08974131582258887,0.11152995286417046,0.06803194300102593,0.14065832832925246,0.11459644700493458,0.06791785368673116,0.09587442402539421
10213,0.035077564217238025,0.11273653729491688,0.17033792867180358,0.10046854609793696,0.16404323400663764,0.19847468602519416,0.0654401892122131,0.1534213144740597
10976,0.10751781641014746,0.11393378059574145,0.1271464133694282,0.17113972825687415,0.1584410048064184,0.12883602141151546,0.08035032783847135,0.11263490731140349
20528,0.3081389465768129,0.09150016399232222,0.11689493817042491,0.06702568475783374,0.12653381883632758,0.1447455743229619,0.04749331469611919,0.09766755864719757
9565,0.040310351441604705,0.1424592645936109,0.17038980455349084,0.11833633069330611,0.08409163043111909,0.16387582489190897,0.12006057686869909,0.16047621652626043
12254,0.03014497930186393,0.2998242636547434,0.19834837444292233,0.10918002633584827,0.05470711744085892,0.10587998872593304,0.04693071389576622,0.1549845362020639
18399,0.0442398134848112,0.15100200015064985,0.168459779899932,0.09345502153852314,0.08672138980979543,0.16332443093199928,0.13467130926804163,0.1581262549162476
23578,0.27966783390540473,0.08986795962415929,0.12069343569016701,0.04655676023093805,0.16150010037543058,0.15347596388395415,0.037263533417023216,0.11097441287292296
66,0.030474170716720383,0.11992519724279488,0.18627903176016164,0.09891035516116382,0.08372831080345022,0.15138504533511357,0.17028498069925463,0.15901290828134082
18029,0.06029025277219937,0.15207529727415325,0.13046505823844431,0.2053355601910902,0.07727014369065652,0.1571333876907094,0.08788410661917326,0.12954619352357377
11884,0.0558927116384351,0.15658420717890778,0.14766145910368655,0.15297730087369188,0.08426823997922288,0.16597861692892457,0.09999013725152832,0.13664732704560303
1947,0.27008421816549294,0.12122884013842519,0.10954820038347987,0.08153702700767365,0.16524724222707177,0.07994994439624298,0.05930500011602238,0.11309952756559119
24183,0.2607093457278091,0.12796982902895088,0.11533882272476585,0.07313518141387944,0.182380021997032,0.083602280364669,0.03898599893240975,0.11787851981048388
24305,0.0942546460172054,0.14639428842464094,0.12556065603616298,0.17502981815592125,0.09017250212869518,0.14321970476281204,0.1042260100701204,0.12114237440444198
1376,0.2976617749477802,0.10130044160962628,0.11125196349748455,0.06989551539741705,0.16368178432087263,0.10680904898349468,0.04878117893038958,0.10061829231293501
7365,0.02763242306948832,0.12893195892293727,0.16471336759126118,0.11298131968466184,0.10280036747468006,0.1606471645585701,0.11864530146835418,0.1836480972300471
7654,0.3116497352659023,0.08974131582258887,0.11152995286417046,0.06803194300102593,0.14065832832925246,0.11459644700493458,0.06791785368673116,0.09587442402539421
22769,0.08463327228290679,0.1341749998519913,0.13497070302536296,0.16632867563120984,0.10311716192246431,0.16414729863832536,0.1045196968004225,0.1081081918473169
12739,0.3177391461597898,0.09076811691052128,0.11124637222243189,0.0752892472998861,0.14374698618865014,0.11938915244662027,0.04791670245854949,0.09390427631355093
24824,0.27429580802013565,0.11578768357320221,0.10947970604066468,0.08287677677325067,0.17506677467677817,0.08323300563269319,0.042758925239064424,0.11650132004421096
16688,0.30385667161643853,0.09258755855899398,0.11233072426282595,0.07420568609401049,0.14258891319848627,0.11671994410457323,0.05994823208425931,0.0977622700804121
20734,0.07473796951440254,0.19181474444639102,0.15392454847284434,0.10918994450532402,0.07166357564393858,0.1441974365938375,0.10734429154559516,0.14712748927766692
15812,0.09544725703255992,0.12144040471623843,0.14077963151026437,0.16579998916285235,0.15680423720560654,0.1311231689640434,0.04184749173125696,0.14675781967717808
20941,0.14218807243047707,0.10583565738441787,0.13393102681642746,0.13324805178908605,0.14083018296593877,0.12158604215147628,0.10424663134677895,0.11813433511539742
10826,0.043256278965612266,0.15131671669880897,0.15307966768414097,0.10695845160169647,0.09421034475593643,0.1770392970814651,0.12906164615595483,0.145077597056385
11384,0.2580328801295313,0.12231628253112373,0.11170441469204828,0.08336511528865533,0.15488150690456215,0.08243356542922838,0.057042638702906504,0.13022359632194427
14684,0.27404208269227515,0.09673980090929145,0.1139603126025526,0.06532192959815744,0.18419386065697296,0.11310308069290537,0.043581812748467265,0.10905712009937776
15538,0.045836696369784394,0.155713293987541,0.15448889665663235,0.10916823460703524,0.07999056826818597,0.17029970963340585,0.12746540296361833,0.1570371975137969
4786,0.03490850223343107,0.10358590623297864,0.15724054702694792,0.0788690689336927,0.17636826375404976,0.20582940179559014,0.10260464685079128,0.1405936631725183
24572,0.07806750854216932,0.11738837787194756,0.13345654719558303,0.21789631230843717,0.12798510601287358,0.1389956150254732,0.05491678224327784,0.1312937508002383
25838,0.05932029895825028,0.1551445626607514,0.1341960209571998,0.19252195775374928,0.0772214751679508,0.15830639571277594,0.09195432946238657,0.131334959326936
7387,0.2418504133595245,0.18164551715034993,0.11826845746875411,0.08929390232126343,0.07790534912772093,0.08533633869018971,0.06542565776964562,0.14027436411255167
20599,0.2583880905499557,0.1293440335269209,0.11638340882955596,0.07845471098573255,0.17138164864569133,0.08301783564183017,0.04091260752169593,0.12211766429861726
14908,0.025124707562214684,0.12839801759027508,0.17565846954482292,0.0529526817124101,0.1659277752203375,0.1756293136531641,0.12636221981794457,0.14994681489883105
14518,0.27966783390540473,0.08986795962415929,0.12069343569016701,0.04655676023093805,0.16150010037543058,0.15347596388395415,0.037263533417023216,0.11097441287292296
24606,0.09187589964814745,0.1136846793198598,0.12904729140504048,0.20326512737236618,0.11035365650727103,0.13193987307309524,0.10853560310575527,0.11129786956846464
2365,0.3385691086120653,0.09921195443672377,0.10846797584143006,0.10108984311758155,0.0941788142320308,0.11917625185717956,0.04607917699109897,0.09322687491188987
18874,0.34429874362425594,0.08579752617623228,0.1168832137464979,0.07235800941090316,0.09073684244290409,0.14441789342103678,0.03193267218177181,0.11357509899639798
24941,0.2847946661824696,0.1070538954940825,0.1118331515283217,0.07034800572030332,0.19953944431414977,0.09036210484067504,0.031930853556727395,0.10413787836327058
19413,0.0927844712980752,0.15164588866803017,0.12798414299025865,0.12870501976347032,0.11282103010453128,0.1693909216359705,0.09909782882787134,0.11757069671179267
4269,0.052469826407874016,0.1600405124054949,0.14432958152538766,0.16274234675717597,0.08444356347589527,0.14753705898274838,0.11107265092638435,0.1373644595190395
21316,0.2779808717598353,0.09942645000012358,0.11888554794056094,0.04655676023093805,0.15973406187928763,0.15200808773131583,0.036216992085975536,0.1091912283719631
7551,0.0469587881560337,0.15285741712002177,0.1604089421833303,0.11091869397655377,0.07326103671942837,0.1776417766815829,0.1265903289542704,0.15136301620877884
20992,0.03601605217981509,0.14913738651617012,0.1566505791455515,0.13448018549324534,0.0935859925866572,0.15073491626644483,0.12128302680808867,0.15811186100402744
11490,0.12688915846196053,0.20279412825791127,0.16501218751301241,0.10876698941157775,0.07219688910805509,0.11861225329241087,0.08125196470737951,0.12447642924769262
2722,0.3293283457961253,0.09672175421761965,0.12057669873190133,0.0818908684053953,0.09215906527251884,0.16229211107374802,0.02842332667012519,0.08860782983256628
14245,0.2804346427282738,0.12206596363014559,0.10960606249918989,0.08376188706525067,0.1586677500998574,0.08282109121333679,0.04311952572839775,0.11952307703554815
11534,0.1383538692240466,0.09317739036455651,0.13879961946837405,0.13388871458199678,0.2073790150278899,0.12709386025171243,0.03121517262109329,0.13009235846033046
3004,0.1860379307217282,0.09884234286571429,0.13806419659207703,0.09095928178306796,0.19446704263704567,0.12763379013283338,0.050235297832591785,0.11376011743494166
8990,0.08320900145846466,0.17114079386361936,0.13739336696378296,0.1366170844097001,0.1005804232888483,0.15836827986249405,0.09001282663832791,0.1226782235147626
16635,0.2794091647083564,0.10000793384808919,0.11988500201099789,0.04700785073117803,0.1532229649670813,0.15329691773200152,0.03713588014201996,0.1100342858602757
23285,0.2789456187382291,0.09495615862771353,0.1259422460672877,0.053359639732318005,0.11662871007436823,0.15857098622395893,0.05114457980453886,0.12045206073158557
15118,0.26225604758258025,0.12544197722997313,0.1162304243983845,0.07418099911504797,0.17421226163595172,0.08272780612741082,0.041402426450373925,0.12354805746027753
12163,0.29046031632540176,0.10709933283249391,0.11090381684873518,0.07417615798560921,0.18241827948376765,0.08564141393786465,0.044478819240981134,0.10482186334514637
14178,0.0653144063025358,0.14961563187957092,0.14146916416422234,0.18040927012582608,0.09259618946426569,0.1377090062957408,0.0781472100668729,0.15473912170096565
5707,0.30828899762502265,0.09301705915847296,0.11624339227702306,0.06702568475783374,0.12653381883632758,0.14373017400200327,0.04749331469611919,0.09766755864719757
3880,0.11360672172040037,0.15618777563476421,0.12893894441861528,0.07919976554825768,0.0638893989208746,0.15145991143902202,0.13143476034660828,0.1752827219714575
7360,0.29046031632540176,0.10709933283249391,0.11090381684873518,0.07417615798560921,0.18241827948376765,0.08564141393786465,0.044478819240981134,0.10482186334514637
20308,0.05823169169285464,0.15733152769247963,0.14692782442262017,0.1685694119450878,0.07887042955616946,0.15312307529127536,0.10872650152197187,0.12821953787754115
2150,0.29972705759400126,0.0745121556160495,0.10625091737318763,0.07234448418910025,0.19335644810853603,0.12496081076378321,0.040474839390574974,0.08837328696476711
14299,0.09491794291864648,0.13236962036131417,0.12616752864872557,0.1818146311112384,0.09190358165335316,0.1567765510421406,0.09439559071488703,0.12165455354969473
4804,0.21555638303314037,0.09518976561800961,0.11468231946364012,0.07062574921253781,0.21762162770645566,0.13565593105498874,0.025826594294193615,0.12484162961703416
25705,0.034635366344791016,0.13346091674543092,0.17443311586423693,0.11156402767421564,0.11007198744600571,0.1579412264348278,0.08605045472563465,0.19184290476485744
7058,0.10178824492934994,0.11409398427473245,0.12659152862976733,0.16293207233460139,0.17652964970559065,0.14269432319796876,0.0632810747935461,0.11208912213444337
6623,0.055866749456825765,0.11683952322208566,0.14237295748424028,0.1266088043303303,0.16127913812285796,0.15196136593970355,0.09335360247845158,0.15171785896550505
19023,0.059825430120473325,0.14660837517723815,0.13874704375305968,0.20229304419840802,0.1032650469138601,0.12486260558142054,0.08645271313011332,0.13794574112542685
15898,0.021526843671266626,0.11493112379841537,0.1746032061839857,0.09020809697431426,0.10989742052315897,0.18592914953858972,0.10639985427817493,0.19650430503209454
1172,0.07255064319865784,0.16691281126286803,0.13057063040144387,0.14209887516669972,0.10224982953458568,0.1448160917305642,0.11154351494714129,0.12925760375803935
10394,0.0904057179938367,0.17561388758734364,0.1497092136313345,0.09064586532737604,0.06168370610315779,0.14831141361529593,0.11961403493543621,0.16401616080621928
3465,0.06895019610970311,0.21192228535977964,0.14238745330773195,0.13419375278558343,0.0707114948603069,0.13817447703955596,0.09478561504530941,0.13887472549202964
25941,0.17749879775480154,0.1658324304291159,0.1211515613399949,0.10333632564003838,0.1444126528095916,0.09551641534212457,0.05086901107054615,0.141382805613787
11151,0.09522360990794387,0.14482180132549155,0.12903131488703853,0.11104560106898831,0.08305996408066074,0.1357019241754444,0.1737222226625686,0.1273935618918641
18928,0.060545249155961434,0.1283551322116984,0.12262020553175662,0.2557953035105601,0.07827082929297333,0.1438888997993049,0.09172169115634037,0.11880268934140488
16631,0.09059734640345686,0.11131487378382082,0.12391247018521488,0.17783546903478636,0.1776646216414167,0.13786834397481437,0.07059317205892042,0.11021370291756956
17034,0.2656278658584291,0.12577123835798504,0.12258332116929913,0.09811354137938673,0.10097008585628792,0.1055799615616269,0.05314223683254402,0.1282117489844412
23631,0.3385691086120653,0.09921195443672377,0.10846797584143006,0.10108984311758155,0.0941788142320308,0.11917625185717956,0.04607917699109897,0.09322687491188987
21206,0.33863616209639547,0.09590458722725372,0.12174169704709613,0.05791727998731974,0.09073719329343241,0.15080280386537265,0.031101183433433332,0.11315909304969661
5172,0.019995602302724465,0.11807939187046007,0.17813313304547157,0.06650456577960129,0.11314518586994779,0.18151551795116375,0.13117364597232734,0.19145295720830366
14673,0.039385626549387986,0.11437910426852374,0.1533618040335809,0.09061338311483536,0.17315067590831407,0.20068982767972748,0.08956905342001745,0.13885052502561296
17524,0.030692702146794818,0.12714612546057513,0.18611938590611085,0.0958746065870685,0.08527151169425817,0.1460616402090678,0.1760906902166322,0.15274333777949256
12201,0.34429874362425594,0.08579752617623228,0.1168832137464979,0.07235800941090316,0.09073684244290409,0.14441789342103678,0.03193267218177181,0.11357509899639798
3257,0.34429874362425594,0.08579752617623228,0.1168832137464979,0.07235800941090316,0.09073684244290409,0.14441789342103678,0.03193267218177181,0.11357509899639798
1210,0.038574707739119286,0.14812925752116277,0.16860207702855667,0.12702802280666997,0.08964053083523037,0.15791213954746175,0.11216897662276953,0.15794428789902984
18120,0.03971727679284782,0.14167778655916477,0.1549808315555044,0.10719266679529339,0.102586376070377,0.18410524486697113,0.11088553675218055,0.158854280607661
12176,0.20313247616722407,0.1623135388812176,0.11903686907300408,0.09018988121237231,0.14536360143110916,0.09328408232253511,0.046888748766670194,0.13979080214586742
17196,0.26457207036428243,0.14549995242098027,0.12222452128572564,0.07702433136401876,0.08270207685196627,0.11225602480268781,0.0618767936934039,0.13384422921693487
14478,0.09625782651237763,0.11416276033354117,0.1183912151031179,0.20143722417875548,0.14522300898108043,0.14235089838330547,0.07473960490201037,0.10743746160581155
333,0.30908912982455655,0.0779514551141778,0.1068233108283256,0.06824536832829957,0.18126671785323353,0.13021791029238472,0.03965080072296309,0.08675530703605912
10848,0.31208036664056094,0.0894490768942858,0.11266511338314616,0.07009478493933681,0.1448530739996719,0.12165138952387652,0.05363374588186301,0.09557244873725873
6723,0.12385030432457876,0.18713765349529418,0.13511998659440644,0.11601750984364961,0.0681133866034165,0.11516115068010241,0.10454403287051686,0.15005597558803538
4206,0.10890611344658026,0.11276671199216795,0.13079702676577282,0.17843239999168428,0.1530701154878069,0.11898016043873186,0.07682581880100166,0.12022165307625413
4474,0.2679582339817515,0.12210041246675354,0.10883265363998859,0.08566538274046648,0.15593773041209139,0.07977131629546232,0.05758510611410568,0.1221491643493805
4436,0.3189073332853833,0.0941934443231483,0.1149664074352256,0.06753901646605573,0.12991592618476921,0.12948540194506916,0.04853899039805284,0.09645347996229586
22854,0.03855720348553764,0.16056828002421564,0.14540190330202848,0.10920867210046455,0.10034236605203571,0.1654079102622932,0.12511563218729857,0.15539803258612625
10099,0.02300321512333257,0.10888302971005473,0.15741087383570462,0.10224545268147024,0.10914960008832146,0.15143541543209635,0.1946735334784422,0.15319887965057802
1549,0.25896015557168417,0.12927495097238137,0.11525529046961694,0.07597935004790596,0.17613336420432,0.08245237682582768,0.04091260752169593,0.12103190438656779
13245,0.03960174116509646,0.14229330013417557,0.1428007095056603,0.10491566131357183,0.1359718051540758,0.1678500814451536,0.12732558144617745,0.13924111983608903
25296,0.02713258892900313,0.11394048549830005,0.18649321275100525,0.08316423139707359,0.0998801950412677,0.14939047627987234,0.1704052646638768,0.16959354543960103
20701,0.03681623733449725,0.12493442363117918,0.17517690112065798,0.09099093331312258,0.15245643666578956,0.18479602198392844,0.06760403736394933,0.16722500858687575
3610,0.30385667161643853,0.09258755855899398,0.11233072426282595,0.07420568609401049,0.14258891319848627,0.11671994410457323,0.05994823208425931,0.0977622700804121
24771,0.26294297670418093,0.12488991043400682,0.1164910486647159,0.07624721896895267,0.1714293662753197,0.08190959749097138,0.042473895009913984,0.12361598645193853
10728,0.2837703321811048,0.09868417852794754,0.11569815489490792,0.04662413066474855,0.16897077129370225,0.1477046459729252,0.029230571553553252,0.10931721491111043
11759,0.09267696270302418,0.14840435524373896,0.13574020584411844,0.14876111768457914,0.09585102219624496,0.14299584927867978,0.10714770817371591,0.12842277887589876
20937,0.024252282632077005,0.12031032347154985,0.1624182325085502,0.10826008287075606,0.10535107309201681,0.1658875551599946,0.13482369146155604,0.17869675880349947
22390,0.0794288413952902,0.18648921226620388,0.14998694997860385,0.08850619417596668,0.06704130119685954,0.14220671967617615,0.11272760229225184,0.1736131790186479
150,0.19690098546023582,0.15944410487853045,0.12447216064458493,0.0966260108603174,0.10952773970536717,0.1085957214612957,0.04905581188110359,0.15537746510856482
5941,0.021551900567973795,0.08765217127178422,0.22998930334375875,0.21941928911239786,0.19622528339906367,0.0774085056639438,0.0140122252275573,0.15374132141352057
8512,0.28975889071935934,0.12395542531589938,0.11384269216077189,0.10127309320815629,0.09173880911048951,0.1252569942917736,0.04969762597079952,0.10447646922275043
16527,0.11905923546944042,0.14258385710452928,0.13347865365043934,0.13526617183041242,0.07585191738506075,0.1365100226040099,0.14451774640983436,0.11273239554627361
23410,0.07832461717008492,0.1443880411922928,0.134961917651804,0.1516986557823414,0.0863905178002971,0.15297268566738123,0.13096039979393526,0.12030316494186336
26988,0.04530262225172539,0.15371623423707803,0.15477024360191774,0.10538802374135747,0.09170528173753237,0.17214969495232055,0.11689618659697482,0.16007171288109373
12898,0.03545852816707323,0.12218173639667874,0.1737066755467841,0.08447303349222239,0.16487244361096015,0.17491669841897348,0.09340722950656351,0.15098365486074444
206,0.026092773177643497,0.12328477121581194,0.17198388751242963,0.11838164272299434,0.11403929128999629,0.14676109452134767,0.1149611071630419,0.18449543239673485
3535,0.15761195062942618,0.1481177963440803,0.12918553643285594,0.1441566170313017,0.08944192714092773,0.11360997451312949,0.07426223529812415,0.1436139626101547
21048,0.28172783882735686,0.1230136338965049,0.1102767675218265,0.08376188706525067,0.16372199152044042,0.08465899718445791,0.04311952572839775,0.10971935825576498
15920,0.19673453949431077,0.1748551489768357,0.12012213603978181,0.11341006459555475,0.08753441380354118,0.11068603432731336,0.04824127771381477,0.1484163850488475
10075,0.09824565952788498,0.15901703495838684,0.1293837526901172,0.1145478149341705,0.09587883858124177,0.149302027045087,0.1261150389022288,0.12750983336088298
16695,0.05886509518116955,0.144265429540369,0.1433646365338496,0.18698524733889163,0.0978340629896393,0.135132869291443,0.07873877819641474,0.15481388092822324
4688,0.03870362805998837,0.11819624958773024,0.16121692079986671,0.08451582953092483,0.17187718701255758,0.19641516748106166,0.08191003187025243,0.14716498565761815
937,0.04890568176215778,0.10383084988966532,0.17244660415619165,0.19862568427141966,0.09205138645777827,0.1586126847495307,0.09047168652276728,0.13505542219048935
4569,0.21164739791229184,0.15065078531233864,0.13647863453843437,0.08153066339377918,0.08408955281994335,0.1691166444619918,0.03764358658056391,0.12884273498065685
1527,0.3313190792972322,0.09716151217036362,0.11046323527126271,0.10746054370342142,0.09960429898309664,0.12144821847298518,0.040646487549146446,0.09189662455249176
5484,0.3121990765362389,0.0875119305382338,0.11089158503481059,0.06609543046054203,0.1401498091408162,0.11149173422348647,0.07514710722385952,0.09651332684201233
19117,0.044980438369055804,0.12627843155185137,0.17597739453986677,0.07996499541957658,0.17327206776536425,0.17137656230959145,0.06388913629785209,0.16426097374684154
25775,0.34429874362425594,0.08579752617623228,0.1168832137464979,0.07235800941090316,0.09073684244290409,0.14441789342103678,0.03193267218177181,0.11357509899639798
10172,0.2855868734016553,0.11158236710753641,0.10999883009770217,0.07034800572030332,0.1966028933145541,0.08792133517867341,0.031930853556727395,0.10602884162284777
10602,0.3066171981035225,0.11896553424572114,0.1095089159197796,0.09974657197323225,0.11899494438951881,0.0920578110360008,0.03932727252117459,0.11478175181105046
24750,0.29090244404732835,0.12820379164517334,0.1134547189623465,0.10655856481923853,0.10820716511984566,0.09785335688672263,0.03606811231352298,0.11875184620582212
11579,0.09581489382573198,0.11321633427579707,0.11748058418869758,0.19556647643336283,0.14654890193870207,0.14373073538476516,0.08098158288636918,0.10666049106657416
24331,0.163276958721818,0.09448806158342847,0.13554153252460285,0.11443716499340459,0.1783303400841938,0.1429039618268873,0.05695951442457215,0.11406246584109274
20627,0.0354772266961515,0.11215223907015912,0.1668727160156258,0.10237862111309434,0.159181100729039,0.19663420774039156,0.07735270485088926,0.1499511837846495
23714,0.04109639899765351,0.15006686805759556,0.15695666638474826,0.107804621869724,0.09512967234785259,0.18471035466757027,0.10414712083381804,0.1600882968410378
17421,0.34429874362425594,0.08579752617623228,0.1168832137464979,0.07235800941090316,0.09073684244290409,0.14441789342103678,0.03193267218177181,0.11357509899639798
11620,0.04809730193709847,0.1742828192536871,0.14622091109131097,0.1191918409119075,0.08786293277064837,0.15293782698223896,0.11999440720505225,0.15141195984805647
4256,0.2983047109734094,0.10064510732867543,0.1122472742353735,0.07539732900192303,0.16215259156629147,0.1089473326417461,0.04440988443080429,0.09789576982177679
1505,0.23099702160847235,0.15486574129035754,0.11649606567319275,0.12240047160495918,0.07827253307371056,0.108372798850514,0.06100266739028655,0.12759270050850705
10906,0.34429874362425594,0.08579752617623228,0.1168832137464979,0.07235800941090316,0.09073684244290409,0.14441789342103678,0.03193267218177181,0.11357509899639798
19250,0.24949123712619317,0.14420785676678957,0.11964123992207819,0.09366730711995076,0.10822942793914722,0.1111363310596489,0.029378335780236887,0.14424826428595522
13807,0.03190630412974999,0.14171023985536468,0.14934121640214934,0.10792589632610189,0.12625829058313903,0.1533272706875471,0.14172323497929662,0.14780754703665144
13445,0.34572997267010125,0.08932261113168857,0.10561372339630232,0.10778240464279064,0.09680497582345313,0.12230063333549927,0.04453828601921723,0.08790739298094756
11923,0.18116924384302208,0.1661330534208233,0.1639257074548456,0.09356490407202914,0.07580604896536058,0.13454867401180953,0.05318264296153889,0.13166972527057086
25487,0.03925724833186347,0.11421246254734546,0.14391164716618485,0.12290638018789897,0.18302496335677332,0.18396920729072705,0.07747518707571723,0.13524290404348963
4633,0.3085644919797999,0.13022126785532218,0.11701883750643184,0.0888463954189128,0.10830139028610317,0.10375126821073094,0.035700454011079547,0.10759589473161958
11964,0.34429874362425594,0.08579752617623228,0.1168832137464979,0.07235800941090316,0.09073684244290409,0.14441789342103678,0.03193267218177181,0.11357509899639798
23331,0.05281501283671933,0.17680428130117046,0.1394646847475406,0.1675158551894647,0.09521324638000701,0.13467265048313723,0.1054728671566028,0.12804140190535787
572,0.34429874362425594,0.08579752617623228,0.1168832137464979,0.07235800941090316,0.09073684244290409,0.14441789342103678,0.03193267218177181,0.11357509899639798
27463,0.2600565209078387,0.12667215249373037,0.11430524884570463,0.07142819820865659,0.180973430432159,0.08250187625820839,0.046780031122711695,0.11728254173099045
23384,0.03334313322668178,0.10638250537986052,0.13093776155081627,0.1280859325711361,0.09813681845994646,0.14607308013207995,0.22217743190477907,0.13486333677469992
25985,0.2743646955061283,0.11919619461114875,0.10798207497665169,0.07580537906715196,0.1836571103294333,0.08531746904407989,0.04229145404606073,0.11138562241934537
774,0.05565286008809831,0.2679235154021356,0.1416116688710752,0.20949551688537732,0.045308336380733324,0.13922212506626994,0.048429120635234246,0.0923568566710759
18545,0.19925807959468791,0.14829246198299054,0.12484564186770525,0.09854236509271366,0.111073912141371,0.1104162543458603,0.05582224283963205,0.1517490421350393
19770,0.34429874362425594,0.08579752617623228,0.1168832137464979,0.07235800941090316,0.09073684244290409,0.14441789342103678,0.03193267218177181,0.11357509899639798
12519,0.11653426166125282,0.09902444244286918,0.13569948506253446,0.1723780455720866,0.19500761557704935,0.12894875076249626,0.04089912750570026,0.11150827141601112
26983,0.3374386814077153,0.0970893834983639,0.1101264190912342,0.11052281599582738,0.0936915252992733,0.12178148520674138,0.03607917699109898,0.09327051250974547
24792,0.024034291173461425,0.11789402082152237,0.16298662637131112,0.11357483983157081,0.08652387176160509,0.1497453030869327,0.2027648576908157,0.14247618926278086
4911,0.33287340076993926,0.0942552107410446,0.1223231337233774,0.05625495604149715,0.08446307352407789,0.1472637850641,0.050728226091952024,0.11183821404401162
15014,0.25755530246529734,0.13116327612160858,0.1163385671087013,0.08258306671852537,0.16712637825129406,0.08467711351217062,0.03919271351977922,0.1213635823026234
15155,0.3081389465768129,0.09150016399232222,0.11689493817042491,0.06702568475783374,0.12653381883632758,0.1447455743229619,0.04749331469611919,0.09766755864719757
6146,0.30828899762502265,0.09301705915847296,0.11624339227702306,0.06702568475783374,0.12653381883632758,0.14373017400200327,0.04749331469611919,0.09766755864719757
5193,0.10331064072903554,0.1106674004173545,0.1227146076011908,0.20390077482665236,0.12584240967076357,0.12532544422239825,0.08820715762013823,0.12003156491246679
22144,0.14416102737647107,0.19415879165309693,0.11253638780983571,0.09574010578059461,0.08052339018437692,0.10856747552838943,0.11997188527263454,0.14434093639460083
27244,0.1972211335212408,0.08449297130988284,0.12932036143169315,0.08922759256300644,0.2072829914141878,0.13743328875172706,0.03691952019631975,0.11810214081194222
5123,0.2608767244122771,0.13056031507192642,0.12183643400672166,0.10209663080464776,0.09354514494816758,0.13198045811916342,0.04131952400953888,0.11778476862755717
19734,0.03645327418302304,0.23736056404459688,0.16087866341455498,0.20221401384383847,0.061472891610890736,0.12575041596646527,0.051088650637548666,0.12478152629908192
14706,0.34429874362425594,0.08579752617623228,0.1168832137464979,0.07235800941090316,0.09073684244290409,0.14441789342103678,0.03193267218177181,0.11357509899639798
17951,0.34429874362425594,0.08579752617623228,0.1168832137464979,0.07235800941090316,0.09073684244290409,0.14441789342103678,0.03193267218177181,0.11357509899639798
8690,0.34429874362425594,0.08579752617623228,0.1168832137464979,0.07235800941090316,0.09073684244290409,0.14441789342103678,0.03193267218177181,0.11357509899639798
11718,0.32464508978492795,0.09009182819903709,0.1120022311307622,0.07290767564435742,0.1328934238714096,0.1200616598312011,0.04936302906566472,0.09803506247263993
21733,0.34429874362425594,0.08579752617623228,0.1168832137464979,0.07235800941090316,0.09073684244290409,0.14441789342103678,0.03193267218177181,0.11357509899639798
4338,0.2673455543538642,0.1246310625149728,0.13749169454569196,0.09082548981834221,0.09489353167191837,0.10584891849603877,0.048267655973748956,0.13069609262542284
21613,0.01703528395315419,0.06902513994237837,0.21660989492066943,0.16898866731585874,0.28211373909909787,0.06225962319779381,0.026761299680253665,0.15720635189079393
11006,0.014854318392356325,0.10980585363621569,0.18083946123600086,0.07256892780642282,0.12997173094265388,0.18355747352485838,0.12242557971884452,0.18597665474264763
12328,0.016999395943727943,0.12642387542456926,0.17961145900881814,0.0540261117173956,0.1780311611124462,0.16296434546668842,0.05245779609429319,0.22948585523206128
26604,0.29711326962794066,0.0871949666404436,0.1110204033529786,0.06617410398758454,0.15480468578230622,0.12083086709614452,0.06985245264781387,0.0930092508647879
24482,0.30828899762502265,0.09301705915847296,0.11624339227702306,0.06702568475783374,0.12653381883632758,0.14373017400200327,0.04749331469611919,0.09766755864719757
27907,0.26232061251505756,0.11920937051047917,0.10959717913676269,0.09749848524229023,0.19068835548892238,0.08714697966608713,0.02909127511583036,0.10444774232457045
7320,0.2607284422943388,0.12880797754898807,0.11943637913113252,0.10205684168070846,0.09347556636399881,0.12784772391413765,0.05251460282437726,0.11513246624231849
7909,0.34429874362425594,0.08579752617623228,0.1168832137464979,0.07235800941090316,0.09073684244290409,0.14441789342103678,0.03193267218177181,0.11357509899639798
5067,0.2101721037263671,0.12413232356518536,0.12249446924997219,0.08093948537649728,0.19597520436967986,0.12587427372705182,0.02484661692438848,0.11556552306085774
1949,0.23745153159209276,0.1262771651789254,0.12603565696816527,0.09745392834832091,0.09318574225063614,0.12693646148008686,0.061789110679790794,0.13087040350198179
120,0.159902372085603,0.12544033751390796,0.12988622984352438,0.13465670077696607,0.16047364279065784,0.09429201855337611,0.06645640253585337,0.12889229590011136
8192,0.09318920358941955,0.1207358596111761,0.12099225559394775,0.22955410707023763,0.09693784482598616,0.13818547671753884,0.08368838834756855,0.11671686424412546
9089,0.02131856932648224,0.09415339223922882,0.1844703154511576,0.10442237755235081,0.12441038638012242,0.1484019720909602,0.14829240879981323,0.17453057815988468
14221,0.056915927153325635,0.1570361701853742,0.14852571251157182,0.1568164054855611,0.08426823997922288,0.16349428587088155,0.09573426900314244,0.13720898981092047
16411,0.2917846572999827,0.10728844771367378,0.11147254302418114,0.07417615798560921,0.17721984102348295,0.08610626986927407,0.04713021973864971,0.10482186334514637
6628,0.2966694542882099,0.09727222155196939,0.11022153140107599,0.07346081646143915,0.15707007040845145,0.10584261986029801,0.06163913796793264,0.09782414806062344
13459,0.1255486925649984,0.10393660224958932,0.1260823790241637,0.1407258179479823,0.16084476288245167,0.1197422869057416,0.1111600358063812,0.11195942261869181
12564,0.34429874362425594,0.08579752617623228,0.1168832137464979,0.07235800941090316,0.09073684244290409,0.14441789342103678,0.03193267218177181,0.11357509899639798
24809,0.23549968276706243,0.1227277309434386,0.1444752553941476,0.09467950567504259,0.10341150303877968,0.15884251630032473,0.03865927633241218,0.10170452954879235
24944,0.34429874362425594,0.08579752617623228,0.1168832137464979,0.07235800941090316,0.09073684244290409,0.14441789342103678,0.03193267218177181,0.11357509899639798
12280,0.09116155438366645,0.15535403603546258,0.14465166976395868,0.14064138483890573,0.07935592107928935,0.16266428876040945,0.09833612705650914,0.12783501808179865
17511,0.08521040834446153,0.14702397764256128,0.13590266460955827,0.14610186388875646,0.08668048860658784,0.17773947907887389,0.08268706524252072,0.13865405258667995
11113,0.21174022994325423,0.15667084390555377,0.1369965237654402,0.09663942543434273,0.10271952880515102,0.11242148196685903,0.034696621838242375,0.14811534434115667
2605,0.08179962606805033,0.15068169913128635,0.13399580914937764,0.14946736282184328,0.08642855120427262,0.17659346797165834,0.07804995082349217,0.1429835328300192
17110,0.14010453721265947,0.15118290161749467,0.13790644873169705,0.15571296321630312,0.07709584986004693,0.12136689744505405,0.07791802911281968,0.13871237280392512
23846,0.06010667009327057,0.15787484803428792,0.1499396602027831,0.1570220736284856,0.08059899180959151,0.1675026118726584,0.07970518513139516,0.14724995922752782
13595,0.10053736773835333,0.14772546661835112,0.1323101131229933,0.14003433292044368,0.08068756434936317,0.1592526785790149,0.10966800383604522,0.12978447283543532
5515,0.08521040834446153,0.14702397764256128,0.13590266460955827,0.14610186388875646,0.08668048860658784,0.17773947907887389,0.08268706524252072,0.13865405258667995
10452,0.08521040834446153,0.14702397764256128,0.13590266460955827,0.14610186388875646,0.08668048860658784,0.17773947907887389,0.08268706524252072,0.13865405258667995
7812,0.08521040834446153,0.14702397764256128,0.13590266460955827,0.14610186388875646,0.08668048860658784,0.17773947907887389,0.08268706524252072,0.13865405258667995
5265,0.08521040834446153,0.14702397764256128,0.13590266460955827,0.14610186388875646,0.08668048860658784,0.17773947907887389,0.08268706524252072,0.13865405258667995
26875,0.08521040834446153,0.14702397764256128,0.13590266460955827,0.14610186388875646,0.08668048860658784,0.17773947907887389,0.08268706524252072,0.13865405258667995
25189,0.0599119894821993,0.15872330701872622,0.15148377513180827,0.15781191181036275,0.08161714259091751,0.1592908625894892,0.08211857957601972,0.1490424318004771
26355,0.0599119894821993,0.15872330701872622,0.15148377513180827,0.15781191181036275,0.08161714259091751,0.1592908625894892,0.08211857957601972,0.1490424318004771
15547,0.08521040834446153,0.14702397764256128,0.13590266460955827,0.14610186388875646,0.08668048860658784,0.17773947907887389,0.08268706524252072,0.13865405258667995
9970,0.08521040834446153,0.14702397764256128,0.13590266460955827,0.14610186388875646,0.08668048860658784,0.17773947907887389,0.08268706524252072,0.13865405258667995
14433,0.08804038979922017,0.1677281078133881,0.14566229369203337,0.11828544987119846,0.09066308042633459,0.13659835664022993,0.10354167005026538,0.14948065170733002
13967,0.1397521245129583,0.11045846905436883,0.12997899191744905,0.13658677826102134,0.12170896969837593,0.11841783730973113,0.12084360117982974,0.12225322806626565
3205,0.34429874362425594,0.08579752617623228,0.1168832137464979,0.07235800941090316,0.09073684244290409,0.14441789342103678,0.03193267218177181,0.11357509899639798
10717,0.2842234774932122,0.08329940915625014,0.11056645564473762,0.07368358276745875,0.13176326014501252,0.15169176164150447,0.07282207775420041,0.09194997539762388
2635,0.28955003423022085,0.10626227133696792,0.11208454925348985,0.07034800572030332,0.19795619599992065,0.0877302115390993,0.031930853556727395,0.10413787836327058
11065,0.07567804135006193,0.14860500346388267,0.16962221879137931,0.09546955381430534,0.19681295213767389,0.12230544098610294,0.04612795087545897,0.14537883858113498
22906,0.09805682522948045,0.12994591032325298,0.13488551851606345,0.1691308282296258,0.07329163821338268,0.1611092429411978,0.11501893626623674,0.11856110028076021
12459,0.08973731690184594,0.1500836697145932,0.13488480582400436,0.14109519100171805,0.0921639136969677,0.17095034321712926,0.0850125345019198,0.13607222514182163
17605,0.015452500116903604,0.10748426983638756,0.16530270365490726,0.07467889669348106,0.13225261093487942,0.16933574199883608,0.16989277388957713,0.16560050287502798
18995,0.2290512370207352,0.09910334842430539,0.11255718368323794,0.12338252251882809,0.1196467309909575,0.19134610999897825,0.027203466353689892,0.09770940100926773
27501,0.2290512370207352,0.09910334842430539,0.11255718368323794,0.12338252251882809,0.1196467309909575,0.19134610999897825,0.027203466353689892,0.09770940100926773
17300,0.2942061748579367,0.11428993749874287,0.10754578329931014,0.07830451371840202,0.163807958174612,0.08323716797790867,0.042758925239064424,0.11584953923402322
16874,0.22924152882553833,0.13866717026235106,0.12974608322965342,0.09804566863266548,0.0886526005061309,0.1274465294164261,0.04916390875425486,0.13903651037297984
24529,0.2963564511610652,0.10521348145909261,0.10644699150507467,0.0775771789691386,0.16269829646252912,0.09205384879114882,0.05221457040035474,0.10743918125159638
813,0.3198869054397417,0.0917630801891291,0.11112380185209218,0.06940372354902054,0.130025744353045,0.11313700004473436,0.06791785368673116,0.09674189088550586
14607,0.27966783390540473,0.08986795962415929,0.12069343569016701,0.04655676023093805,0.16150010037543058,0.15347596388395415,0.037263533417023216,0.11097441287292296
25810,0.09315846932440856,0.11488201564837491,0.12309946738976622,0.18259664584134538,0.14498736520307462,0.14082666711392577,0.0885095205900426,0.11193984888906193
18396,0.3037860177303104,0.10016938036092343,0.10477025403960623,0.07424051744715392,0.18530524052302078,0.10145493740337898,0.040179831146224976,0.09009382134938139
8505,0.2382844687099693,0.1268632785720433,0.1217046642984509,0.09692285616310288,0.0933441822704897,0.1734313932665009,0.02788984207412943,0.1215593146453136
20721,0.23326920399359632,0.12503594663669676,0.1251194704487624,0.08084407198598349,0.1651336246938802,0.09921225572710574,0.037012124932094784,0.1343733015818803
8002,0.30465077714000005,0.0874134483188537,0.11155406639053657,0.06409289255610809,0.15979003739722358,0.14284576985390054,0.03952401307707386,0.0901289952663037
2458,0.03761599181040784,0.11131644218322043,0.16146364240156352,0.09004636655840098,0.08333396242971096,0.16516634321844303,0.17989887014865183,0.1711583812496013
17761,0.30465077714000005,0.0874134483188537,0.11155406639053657,0.06409289255610809,0.15979003739722358,0.14284576985390054,0.03952401307707386,0.0901289952663037
1234,0.2963564511610652,0.10521348145909261,0.10644699150507467,0.0775771789691386,0.16269829646252912,0.09205384879114882,0.05221457040035474,0.10743918125159638
21407,0.316685735975517,0.09309115353215365,0.11224783485064693,0.07121750638615289,0.13231158025133477,0.11570340751826091,0.05994823208425931,0.09879454940167445
3520,0.30948933247915805,0.09684897264010636,0.10909753986042713,0.07937491020002758,0.1443111639757596,0.10716440081703245,0.057123388304349695,0.0965902917231391
20893,0.30465077714000005,0.0874134483188537,0.11155406639053657,0.06409289255610809,0.15979003739722358,0.14284576985390054,0.03952401307707386,0.0901289952663037
20218,0.1635822163195018,0.09548350459112824,0.1377960137128269,0.11873459610677523,0.1732247289527754,0.1433053292487796,0.050302420724708856,0.11757119034350394
26275,0.2804346427282738,0.12206596363014559,0.10960606249918989,0.08376188706525067,0.1586677500998574,0.08282109121333679,0.04311952572839775,0.11952307703554815
10574,0.34429874362425594,0.08579752617623228,0.1168832137464979,0.07235800941090316,0.09073684244290409,0.14441789342103678,0.03193267218177181,0.11357509899639798
24600,0.0890005339851975,0.14520304858088579,0.13119318497829757,0.14630158754217695,0.10166209377436505,0.1696665212919226,0.08263353635032189,0.13433949349683266
1145,0.34429874362425594,0.08579752617623228,0.1168832137464979,0.07235800941090316,0.09073684244290409,0.14441789342103678,0.03193267218177181,0.11357509899639798
11125,0.23920844215588094,0.12672539545170017,0.12504145668298952,0.08327483379907007,0.14999482384202223,0.10509969032133369,0.04296207221859081,0.1276932855284125
21887,0.28959237562720885,0.08848768741307703,0.11827282812203686,0.06329569638433273,0.1431114508808085,0.14617928235983743,0.05283011861624286,0.09823056059645568
13030,0.1055998764041393,0.25480182059180534,0.15766019468052087,0.18281425795469514,0.03702810754427039,0.12852574665263222,0.035604272212767976,0.09796572395916883
26035,0.0842756437637874,0.16497625693570972,0.13996797334140762,0.14121608416503414,0.09190326727709136,0.16369470628577099,0.0901376675484028,0.12382840068279587
821,0.27998028772152533,0.0976191148812128,0.11288265407089126,0.05410677628029293,0.17609002658633485,0.14161093806058964,0.029230571553553252,0.10847963084559983
2462,0.30828899762502265,0.09301705915847296,0.11624339227702306,0.06702568475783374,0.12653381883632758,0.14373017400200327,0.04749331469611919,0.09766755864719757
22449,0.34429874362425594,0.08579752617623228,0.1168832137464979,0.07235800941090316,0.09073684244290409,0.14441789342103678,0.03193267218177181,0.11357509899639798
1387,0.34429874362425594,0.08579752617623228,0.1168832137464979,0.07235800941090316,0.09073684244290409,0.14441789342103678,0.03193267218177181,0.11357509899639798
22051,0.34429874362425594,0.08579752617623228,0.1168832137464979,0.07235800941090316,0.09073684244290409,0.14441789342103678,0.03193267218177181,0.11357509899639798
23783,0.2633523954334023,0.12617824031956912,0.13741541865556178,0.09240612178356379,0.09877953112998249,0.10072352464325324,0.05162377141764219,0.12952099661702518
16792,0.34429874362425594,0.08579752617623228,0.1168832137464979,0.07235800941090316,0.09073684244290409,0.14441789342103678,0.03193267218177181,0.11357509899639798
6584,0.34429874362425594,0.08579752617623228,0.1168832137464979,0.07235800941090316,0.09073684244290409,0.14441789342103678,0.03193267218177181,0.11357509899639798
13527,0.34429874362425594,0.08579752617623228,0.1168832137464979,0.07235800941090316,0.09073684244290409,0.14441789342103678,0.03193267218177181,0.11357509899639798
434,0.34429874362425594,0.08579752617623228,0.1168832137464979,0.07235800941090316,0.09073684244290409,0.14441789342103678,0.03193267218177181,0.11357509899639798
